WavPath,Crackles,Wheezes
Respiratory_Sound_Database/Respiratory_Sound_Database/audio_and_txt_files/188_1b1_Tc_sc_Meditron.wav,absent,absent
Respiratory_Sound_Database/Respiratory_Sound_Database/audio_and_txt_files/178_2b2_Tc_mc_AKGC417L.wav,absent,absent
Respiratory_Sound_Database/Respiratory_Sound_Database/audio_and_txt_files/193_7b3_Tc_mc_AKGC417L.wav,present,absent
Respiratory_Sound_Database/Respiratory_Sound_Database/audio_and_txt_files/162_2b3_Tc_mc_AKGC417L.wav,absent,absent
Respiratory_Sound_Database/Respiratory_Sound_Database/audio_and_txt_files/160_1b3_Tc_mc_AKGC417L.wav,absent,present
Respiratory_Sound_Database/Respiratory_Sound_Database/audio_and_txt_files/154_1b3_Tc_mc_AKGC417L.wav,absent,absent
Respiratory_Sound_Database/Respiratory_Sound_Database/audio_and_txt_files/133_2p3_Tc_mc_AKGC417L.wav,present,absent
Respiratory_Sound_Database/Respiratory_Sound_Database/audio_and_txt_files/138_1p4_Tc_mc_AKGC417L.wav,absent,absent
Respiratory_Sound_Database/Respiratory_Sound_Database/audio_and_txt_files/207_2b2_Tc_mc_AKGC417L.wav,absent,absent
Respiratory_Sound_Database/Respiratory_Sound_Database/audio_and_txt_files/186_2b4_Tc_mc_AKGC417L.wav,absent,absent
Respiratory_Sound_Database/Respiratory_Sound_Database/audio_and_txt_files/122_2b2_Tc_mc_LittC2SE.wav,absent,present
Respiratory_Sound_Database/Respiratory_Sound_Database/audio_and_txt_files/151_2p4_Tc_mc_AKGC417L.wav,absent,present
Respiratory_Sound_Database/Respiratory_Sound_Database/audio_and_txt_files/117_1b2_Tc_mc_LittC2SE.wav,absent,absent
Respiratory_Sound_Database/Respiratory_Sound_Database/audio_and_txt_files/183_1b1_Tc_sc_Meditron.wav,absent,absent
Respiratory_Sound_Database/Respiratory_Sound_Database/audio_and_txt_files/160_1b2_Tc_mc_AKGC417L.wav,absent,present
Respiratory_Sound_Database/Respiratory_Sound_Database/audio_and_txt_files/213_1p2_Tc_mc_AKGC417L.wav,absent,absent
Respiratory_Sound_Database/Respiratory_Sound_Database/audio_and_txt_files/147_1b3_Tc_mc_AKGC417L.wav,present,absent
Respiratory_Sound_Database/Respiratory_Sound_Database/audio_and_txt_files/128_1b3_Tc_mc_LittC2SE.wav,present,absent
Respiratory_Sound_Database/Respiratory_Sound_Database/audio_and_txt_files/158_1p3_Tc_mc_AKGC417L.wav,absent,present
Respiratory_Sound_Database/Respiratory_Sound_Database/audio_and_txt_files/151_2p3_Tc_mc_AKGC417L.wav,absent,present
Respiratory_Sound_Database/Respiratory_Sound_Database/audio_and_txt_files/151_2p2_Tc_mc_AKGC417L.wav,absent,present
Respiratory_Sound_Database/Respiratory_Sound_Database/audio_and_txt_files/130_1p4_Tc_mc_AKGC417L.wav,absent,present
Respiratory_Sound_Database/Respiratory_Sound_Database/audio_and_txt_files/200_2p2_Tc_mc_AKGC417L.wav,present,absent
Respiratory_Sound_Database/Respiratory_Sound_Database/audio_and_txt_files/186_2b3_Tc_mc_AKGC417L.wav,absent,present
Respiratory_Sound_Database/Respiratory_Sound_Database/audio_and_txt_files/178_1b3_Tc_mc_AKGC417L.wav,present,absent
Respiratory_Sound_Database/Respiratory_Sound_Database/audio_and_txt_files/220_1b1_Tc_mc_LittC2SE.wav,present,absent
Respiratory_Sound_Database/Respiratory_Sound_Database/audio_and_txt_files/107_3p2_Tc_mc_AKGC417L.wav,present,present
Respiratory_Sound_Database/Respiratory_Sound_Database/audio_and_txt_files/147_1b2_Tc_mc_AKGC417L.wav,absent,present
Respiratory_Sound_Database/Respiratory_Sound_Database/audio_and_txt_files/174_1p2_Tc_mc_AKGC417L.wav,present,absent
Respiratory_Sound_Database/Respiratory_Sound_Database/audio_and_txt_files/174_1p4_Tc_mc_AKGC417L.wav,present,absent
Respiratory_Sound_Database/Respiratory_Sound_Database/audio_and_txt_files/107_2b5_Tc_mc_AKGC417L.wav,present,absent
Respiratory_Sound_Database/Respiratory_Sound_Database/audio_and_txt_files/130_3p4_Tc_mc_AKGC417L.wav,present,present
Respiratory_Sound_Database/Respiratory_Sound_Database/audio_and_txt_files/158_2p3_Tc_mc_AKGC417L.wav,present,present
Respiratory_Sound_Database/Respiratory_Sound_Database/audio_and_txt_files/138_1p3_Tc_mc_AKGC417L.wav,present,present
Respiratory_Sound_Database/Respiratory_Sound_Database/audio_and_txt_files/172_1b5_Tc_mc_AKGC417L.wav,present,present
Respiratory_Sound_Database/Respiratory_Sound_Database/audio_and_txt_files/130_3p3_Tc_mc_AKGC417L.wav,present,present
Respiratory_Sound_Database/Respiratory_Sound_Database/audio_and_txt_files/130_1p2_Tc_mc_AKGC417L.wav,present,present
Respiratory_Sound_Database/Respiratory_Sound_Database/audio_and_txt_files/130_2p5_Tc_mc_AKGC417L.wav,present,present
Respiratory_Sound_Database/Respiratory_Sound_Database/audio_and_txt_files/203_1p4_Tc_mc_AKGC417L.wav,present,present
Respiratory_Sound_Database/Respiratory_Sound_Database/audio_and_txt_files/179_1b1_Tc_sc_Meditron.wav,present,present
